Station,Station.1,Station.2,Station.3,Station.4,Station.5,Station.6,Local River,Latitude,Longitude,Data Acquisition Time,Manual Daily Rainfall (mm)
Amboli,Maharashtra,Sindudurg,SAWANTWADI,Terekhol,West flowing rivers from Tapi to Tadri,-,Terekhol,15.96111111,74.0,06-12-2021 08:30,112.4
Amboli,Maharashtra,Sindudurg,SAWANTWADI,Terekhol,West flowing rivers from Tapi to Tadri,-,Terekhol,15.96111111,74.0,6/13/2021 8:30,125.6
Amboli,Maharashtra,Sindudurg,SAWANTWADI,Terekhol,West flowing rivers from Tapi to Tadri,-,Terekhol,15.96111111,74.0,6/14/2021 8:30,235.2
Amboli,Maharashtra,Sindudurg,SAWANTWADI,Terekhol,West flowing rivers from Tapi to Tadri,-,Terekhol,15.96111111,74.0,6/15/2021 8:30,95.4
Amboli,Maharashtra,Sindudurg,SAWANTWADI,Terekhol,West flowing rivers from Tapi to Tadri,-,Terekhol,15.96111111,74.0,6/16/2021 8:30,170.4
Amboli,Maharashtra,Sindudurg,SAWANTWADI,Terekhol,West flowing rivers from Tapi to Tadri,-,Terekhol,15.96111111,74.0,6/17/2021 8:30,225.4
Amboli,Maharashtra,Sindudurg,SAWANTWADI,Terekhol,West flowing rivers from Tapi to Tadri,-,Terekhol,15.96111111,74.0,6/18/2021 8:30,186.6
Amboli,Maharashtra,Sindudurg,SAWANTWADI,Terekhol,West flowing rivers from Tapi to Tadri,-,Terekhol,15.96111111,74.0,6/19/2021 8:30,173.6
Amboli,Maharashtra,Sindudurg,SAWANTWADI,Terekhol,West flowing rivers from Tapi to Tadri,-,Terekhol,15.96111111,74.0,6/20/2021 8:30,98.2
Amboli,Maharashtra,Sindudurg,SAWANTWADI,Terekhol,West flowing rivers from Tapi to Tadri,-,Terekhol,15.96111111,74.0,6/21/2021 8:30,54.2
Amboli,Maharashtra,Sindudurg,SAWANTWADI,Terekhol,West flowing rivers from Tapi to Tadri,-,Terekhol,15.96111111,74.0,6/22/2021 8:30,23.4
Amboli,Maharashtra,Sindudurg,SAWANTWADI,Terekhol,West flowing rivers from Tapi to Tadri,-,Terekhol,15.96111111,74.0,6/23/2021 8:30,18.0
Amboli,Maharashtra,Sindudurg,SAWANTWADI,Terekhol,West flowing rivers from Tapi to Tadri,-,Terekhol,15.96111111,74.0,6/24/2021 8:30,52.0
Amboli,Maharashtra,Sindudurg,SAWANTWADI,Terekhol,West flowing rivers from Tapi to Tadri,-,Terekhol,15.96111111,74.0,6/25/2021 8:30,37.2
Amboli,Maharashtra,Sindudurg,SAWANTWADI,Terekhol,West flowing rivers from Tapi to Tadri,-,Terekhol,15.96111111,74.0,6/26/2021 8:30,47.0
Amboli,Maharashtra,Sindudurg,SAWANTWADI,Terekhol,West flowing rivers from Tapi to Tadri,-,Terekhol,15.96111111,74.0,6/27/2021 8:30,80.4
Amboli,Maharashtra,Sindudurg,SAWANTWADI,Terekhol,West flowing rivers from Tapi to Tadri,-,Terekhol,15.96111111,74.0,6/28/2021 8:30,7.2
Amboli,Maharashtra,Sindudurg,SAWANTWADI,Terekhol,West flowing rivers from Tapi to Tadri,-,Terekhol,15.96111111,74.0,07-01-2021 08:30,48.0
Amboli,Maharashtra,Sindudurg,SAWANTWADI,Terekhol,West flowing rivers from Tapi to Tadri,-,Terekhol,15.96111111,74.0,07-02-2021 08:30,36.2
Amboli,Maharashtra,Sindudurg,SAWANTWADI,Terekhol,West flowing rivers from Tapi to Tadri,-,Terekhol,15.96111111,74.0,07-03-2021 08:30,19.4
Amboli,Maharashtra,Sindudurg,SAWANTWADI,Terekhol,West flowing rivers from Tapi to Tadri,-,Terekhol,15.96111111,74.0,07-04-2021 08:30,42.0
Amboli,Maharashtra,Sindudurg,SAWANTWADI,Terekhol,West flowing rivers from Tapi to Tadri,-,Terekhol,15.96111111,74.0,07-05-2021 08:30,34.0
Amboli,Maharashtra,Sindudurg,SAWANTWADI,Terekhol,West flowing rivers from Tapi to Tadri,-,Terekhol,15.96111111,74.0,07-06-2021 08:30,118.2
Amboli,Maharashtra,Sindudurg,SAWANTWADI,Terekhol,West flowing rivers from Tapi to Tadri,-,Terekhol,15.96111111,74.0,07-07-2021 08:30,40.0
Amboli,Maharashtra,Sindudurg,SAWANTWADI,Terekhol,West flowing rivers from Tapi to Tadri,-,Terekhol,15.96111111,74.0,07-08-2021 08:30,15.0
Amboli,Maharashtra,Sindudurg,SAWANTWADI,Terekhol,West flowing rivers from Tapi to Tadri,-,Terekhol,15.96111111,74.0,07-09-2021 08:30,40.0
Amboli,Maharashtra,Sindudurg,SAWANTWADI,Terekhol,West flowing rivers from Tapi to Tadri,-,Terekhol,15.96111111,74.0,07-10-2021 08:30,48.0
Amboli,Maharashtra,Sindudurg,SAWANTWADI,Terekhol,West flowing rivers from Tapi to Tadri,-,Terekhol,15.96111111,74.0,07-11-2021 08:30,115.0
Amboli,Maharashtra,Sindudurg,SAWANTWADI,Terekhol,West flowing rivers from Tapi to Tadri,-,Terekhol,15.96111111,74.0,07-12-2021 08:30,165.0
Amboli,Maharashtra,Sindudurg,SAWANTWADI,Terekhol,West flowing rivers from Tapi to Tadri,-,Terekhol,15.96111111,74.0,7/13/2021 8:30,135.0
Amboli,Maharashtra,Sindudurg,SAWANTWADI,Terekhol,West flowing rivers from Tapi to Tadri,-,Terekhol,15.96111111,74.0,7/14/2021 8:30,165.4
Amboli,Maharashtra,Sindudurg,SAWANTWADI,Terekhol,West flowing rivers from Tapi to Tadri,-,Terekhol,15.96111111,74.0,7/15/2021 8:30,210.0
Amboli,Maharashtra,Sindudurg,SAWANTWADI,Terekhol,West flowing rivers from Tapi to Tadri,-,Terekhol,15.96111111,74.0,7/16/2021 8:30,185.6
Amboli,Maharashtra,Sindudurg,SAWANTWADI,Terekhol,West flowing rivers from Tapi to Tadri,-,Terekhol,15.96111111,74.0,7/17/2021 8:30,64.0
Amboli,Maharashtra,Sindudurg,SAWANTWADI,Terekhol,West flowing rivers from Tapi to Tadri,-,Terekhol,15.96111111,74.0,7/18/2021 8:30,58.0
Amboli,Maharashtra,Sindudurg,SAWANTWADI,Terekhol,West flowing rivers from Tapi to Tadri,-,Terekhol,15.96111111,74.0,7/19/2021 8:30,221.6
Amboli,Maharashtra,Sindudurg,SAWANTWADI,Terekhol,West flowing rivers from Tapi to Tadri,-,Terekhol,15.96111111,74.0,7/20/2021 8:30,110.2
Amboli,Maharashtra,Sindudurg,SAWANTWADI,Terekhol,West flowing rivers from Tapi to Tadri,-,Terekhol,15.96111111,74.0,7/21/2021 8:30,118.0
Amboli,Maharashtra,Sindudurg,SAWANTWADI,Terekhol,West flowing rivers from Tapi to Tadri,-,Terekhol,15.96111111,74.0,7/22/2021 8:30,207.0
Amboli,Maharashtra,Sindudurg,SAWANTWADI,Terekhol,West flowing rivers from Tapi to Tadri,-,Terekhol,15.96111111,74.0,7/23/2021 8:30,430.0
Amboli,Maharashtra,Sindudurg,SAWANTWADI,Terekhol,West flowing rivers from Tapi to Tadri,-,Terekhol,15.96111111,74.0,7/24/2021 8:30,218.0
Amboli,Maharashtra,Sindudurg,SAWANTWADI,Terekhol,West flowing rivers from Tapi to Tadri,-,Terekhol,15.96111111,74.0,7/25/2021 8:30,88.2
Amboli,Maharashtra,Sindudurg,SAWANTWADI,Terekhol,West flowing rivers from Tapi to Tadri,-,Terekhol,15.96111111,74.0,7/26/2021 8:30,154.0
Amboli,Maharashtra,Sindudurg,SAWANTWADI,Terekhol,West flowing rivers from Tapi to Tadri,-,Terekhol,15.96111111,74.0,7/27/2021 8:30,74.6
Amboli,Maharashtra,Sindudurg,SAWANTWADI,Terekhol,West flowing rivers from Tapi to Tadri,-,Terekhol,15.96111111,74.0,7/28/2021 8:30,54.6
Amboli,Maharashtra,Sindudurg,SAWANTWADI,Terekhol,West flowing rivers from Tapi to Tadri,-,Terekhol,15.96111111,74.0,7/29/2021 8:30,47.6
Amboli,Maharashtra,Sindudurg,SAWANTWADI,Terekhol,West flowing rivers from Tapi to Tadri,-,Terekhol,15.96111111,74.0,7/30/2021 8:30,65.6
Amboli,Maharashtra,Sindudurg,SAWANTWADI,Terekhol,West flowing rivers from Tapi to Tadri,-,Terekhol,15.96111111,74.0,7/31/2021 8:30,132.2
Amboli,Maharashtra,Sindudurg,SAWANTWADI,Terekhol,West flowing rivers from Tapi to Tadri,-,Terekhol,15.96111111,74.0,08-01-2021 08:30,53.2
Amboli,Maharashtra,Sindudurg,SAWANTWADI,Terekhol,West flowing rivers from Tapi to Tadri,-,Terekhol,15.96111111,74.0,08-02-2021 08:30,39.4
Amboli,Maharashtra,Sindudurg,SAWANTWADI,Terekhol,West flowing rivers from Tapi to Tadri,-,Terekhol,15.96111111,74.0,08-03-2021 08:30,73.2
Amboli,Maharashtra,Sindudurg,SAWANTWADI,Terekhol,West flowing rivers from Tapi to Tadri,-,Terekhol,15.96111111,74.0,08-04-2021 08:30,120.0
Amboli,Maharashtra,Sindudurg,SAWANTWADI,Terekhol,West flowing rivers from Tapi to Tadri,-,Terekhol,15.96111111,74.0,08-05-2021 08:30,60.6
Amboli,Maharashtra,Sindudurg,SAWANTWADI,Terekhol,West flowing rivers from Tapi to Tadri,-,Terekhol,15.96111111,74.0,08-06-2021 08:30,75.4
Amboli,Maharashtra,Sindudurg,SAWANTWADI,Terekhol,West flowing rivers from Tapi to Tadri,-,Terekhol,15.96111111,74.0,08-07-2021 08:30,85.4
Amboli,Maharashtra,Sindudurg,SAWANTWADI,Terekhol,West flowing rivers from Tapi to Tadri,-,Terekhol,15.96111111,74.0,08-08-2021 08:30,26.4
Amboli,Maharashtra,Sindudurg,SAWANTWADI,Terekhol,West flowing rivers from Tapi to Tadri,-,Terekhol,15.96111111,74.0,08-09-2021 08:30,14.2
Amboli,Maharashtra,Sindudurg,SAWANTWADI,Terekhol,West flowing rivers from Tapi to Tadri,-,Terekhol,15.96111111,74.0,08-10-2021 08:30,11.2
Amboli,Maharashtra,Sindudurg,SAWANTWADI,Terekhol,West flowing rivers from Tapi to Tadri,-,Terekhol,15.96111111,74.0,08-11-2021 08:30,17.4
Amboli,Maharashtra,Sindudurg,SAWANTWADI,Terekhol,West flowing rivers from Tapi to Tadri,-,Terekhol,15.96111111,74.0,08-12-2021 08:30,34.2
Amboli,Maharashtra,Sindudurg,SAWANTWADI,Terekhol,West flowing rivers from Tapi to Tadri,-,Terekhol,15.96111111,74.0,8/13/2021 8:30,72.2
Amboli,Maharashtra,Sindudurg,SAWANTWADI,Terekhol,West flowing rivers from Tapi to Tadri,-,Terekhol,15.96111111,74.0,8/14/2021 8:30,58.4
Amboli,Maharashtra,Sindudurg,SAWANTWADI,Terekhol,West flowing rivers from Tapi to Tadri,-,Terekhol,15.96111111,74.0,8/15/2021 8:30,138.2
Amboli,Maharashtra,Sindudurg,SAWANTWADI,Terekhol,West flowing rivers from Tapi to Tadri,-,Terekhol,15.96111111,74.0,8/16/2021 8:30,87.6
Amboli,Maharashtra,Sindudurg,SAWANTWADI,Terekhol,West flowing rivers from Tapi to Tadri,-,Terekhol,15.96111111,74.0,8/17/2021 8:30,38.0
Amboli,Maharashtra,Sindudurg,SAWANTWADI,Terekhol,West flowing rivers from Tapi to Tadri,-,Terekhol,15.96111111,74.0,8/18/2021 8:30,34.4
Amboli,Maharashtra,Sindudurg,SAWANTWADI,Terekhol,West flowing rivers from Tapi to Tadri,-,Terekhol,15.96111111,74.0,8/19/2021 8:30,58.2
Amboli,Maharashtra,Sindudurg,SAWANTWADI,Terekhol,West flowing rivers from Tapi to Tadri,-,Terekhol,15.96111111,74.0,8/20/2021 8:30,49.2
Amboli,Maharashtra,Sindudurg,SAWANTWADI,Terekhol,West flowing rivers from Tapi to Tadri,-,Terekhol,15.96111111,74.0,8/21/2021 8:30,22.4
Amboli,Maharashtra,Sindudurg,SAWANTWADI,Terekhol,West flowing rivers from Tapi to Tadri,-,Terekhol,15.96111111,74.0,8/22/2021 8:30,18.6
Amboli,Maharashtra,Sindudurg,SAWANTWADI,Terekhol,West flowing rivers from Tapi to Tadri,-,Terekhol,15.96111111,74.0,8/23/2021 8:30,13.2
Amboli,Maharashtra,Sindudurg,SAWANTWADI,Terekhol,West flowing rivers from Tapi to Tadri,-,Terekhol,15.96111111,74.0,8/25/2021 8:30,44.0
Amboli,Maharashtra,Sindudurg,SAWANTWADI,Terekhol,West flowing rivers from Tapi to Tadri,-,Terekhol,15.96111111,74.0,8/26/2021 8:30,10.6
Amboli,Maharashtra,Sindudurg,SAWANTWADI,Terekhol,West flowing rivers from Tapi to Tadri,-,Terekhol,15.96111111,74.0,8/27/2021 8:30,63.2
Amboli,Maharashtra,Sindudurg,SAWANTWADI,Terekhol,West flowing rivers from Tapi to Tadri,-,Terekhol,15.96111111,74.0,8/28/2021 8:30,12.6
Amboli,Maharashtra,Sindudurg,SAWANTWADI,Terekhol,West flowing rivers from Tapi to Tadri,-,Terekhol,15.96111111,74.0,8/29/2021 8:30,24.0
Amboli,Maharashtra,Sindudurg,SAWANTWADI,Terekhol,West flowing rivers from Tapi to Tadri,-,Terekhol,15.96111111,74.0,8/30/2021 8:30,23.6
Amboli,Maharashtra,Sindudurg,SAWANTWADI,Terekhol,West flowing rivers from Tapi to Tadri,-,Terekhol,15.96111111,74.0,8/31/2021 8:30,48.6
Amboli,Maharashtra,Sindudurg,SAWANTWADI,Terekhol,West flowing rivers from Tapi to Tadri,-,Terekhol,15.96111111,74.0,09-01-2021 08:30,23.0
Amboli,Maharashtra,Sindudurg,SAWANTWADI,Terekhol,West flowing rivers from Tapi to Tadri,-,Terekhol,15.96111111,74.0,09-02-2021 08:30,69.6
Amboli,Maharashtra,Sindudurg,SAWANTWADI,Terekhol,West flowing rivers from Tapi to Tadri,-,Terekhol,15.96111111,74.0,09-03-2021 08:30,48.4
Amboli,Maharashtra,Sindudurg,SAWANTWADI,Terekhol,West flowing rivers from Tapi to Tadri,-,Terekhol,15.96111111,74.0,09-04-2021 08:30,57.6
Amboli,Maharashtra,Sindudurg,SAWANTWADI,Terekhol,West flowing rivers from Tapi to Tadri,-,Terekhol,15.96111111,74.0,09-05-2021 08:30,96.2
Amboli,Maharashtra,Sindudurg,SAWANTWADI,Terekhol,West flowing rivers from Tapi to Tadri,-,Terekhol,15.96111111,74.0,09-06-2021 08:30,125.0
Amboli,Maharashtra,Sindudurg,SAWANTWADI,Terekhol,West flowing rivers from Tapi to Tadri,-,Terekhol,15.96111111,74.0,09-07-2021 08:30,118.2
Amboli,Maharashtra,Sindudurg,SAWANTWADI,Terekhol,West flowing rivers from Tapi to Tadri,-,Terekhol,15.96111111,74.0,09-08-2021 08:30,174.6
Amboli,Maharashtra,Sindudurg,SAWANTWADI,Terekhol,West flowing rivers from Tapi to Tadri,-,Terekhol,15.96111111,74.0,09-09-2021 08:30,168.4
Amboli,Maharashtra,Sindudurg,SAWANTWADI,Terekhol,West flowing rivers from Tapi to Tadri,-,Terekhol,15.96111111,74.0,09-10-2021 08:30,173.6
Amboli,Maharashtra,Sindudurg,SAWANTWADI,Terekhol,West flowing rivers from Tapi to Tadri,-,Terekhol,15.96111111,74.0,09-11-2021 08:30,185.8
Amboli,Maharashtra,Sindudurg,SAWANTWADI,Terekhol,West flowing rivers from Tapi to Tadri,-,Terekhol,15.96111111,74.0,09-12-2021 08:30,210.6
Amboli,Maharashtra,Sindudurg,SAWANTWADI,Terekhol,West flowing rivers from Tapi to Tadri,-,Terekhol,15.96111111,74.0,9/13/2021 8:30,223.6
Amboli,Maharashtra,Sindudurg,SAWANTWADI,Terekhol,West flowing rivers from Tapi to Tadri,-,Terekhol,15.96111111,74.0,9/14/2021 8:30,178.0
Amboli,Maharashtra,Sindudurg,SAWANTWADI,Terekhol,West flowing rivers from Tapi to Tadri,-,Terekhol,15.96111111,74.0,9/15/2021 8:30,58.4
Amboli,Maharashtra,Sindudurg,SAWANTWADI,Terekhol,West flowing rivers from Tapi to Tadri,-,Terekhol,15.96111111,74.0,9/16/2021 8:30,28.0
Amboli,Maharashtra,Sindudurg,SAWANTWADI,Terekhol,West flowing rivers from Tapi to Tadri,-,Terekhol,15.96111111,74.0,9/17/2021 8:30,11.0
Amboli,Maharashtra,Sindudurg,SAWANTWADI,Terekhol,West flowing rivers from Tapi to Tadri,-,Terekhol,15.96111111,74.0,9/18/2021 8:30,12.2
Amboli,Maharashtra,Sindudurg,SAWANTWADI,Terekhol,West flowing rivers from Tapi to Tadri,-,Terekhol,15.96111111,74.0,9/19/2021 8:30,9.4
Amboli,Maharashtra,Sindudurg,SAWANTWADI,Terekhol,West flowing rivers from Tapi to Tadri,-,Terekhol,15.96111111,74.0,9/20/2021 8:30,74.2
Amboli,Maharashtra,Sindudurg,SAWANTWADI,Terekhol,West flowing rivers from Tapi to Tadri,-,Terekhol,15.96111111,74.0,9/21/2021 8:30,78.0
Amboli,Maharashtra,Sindudurg,SAWANTWADI,Terekhol,West flowing rivers from Tapi to Tadri,-,Terekhol,15.96111111,74.0,9/22/2021 8:30,68.2
Amboli,Maharashtra,Sindudurg,SAWANTWADI,Terekhol,West flowing rivers from Tapi to Tadri,-,Terekhol,15.96111111,74.0,9/23/2021 8:30,48.2
Amboli,Maharashtra,Sindudurg,SAWANTWADI,Terekhol,West flowing rivers from Tapi to Tadri,-,Terekhol,15.96111111,74.0,9/24/2021 8:30,27.0
Amboli,Maharashtra,Sindudurg,SAWANTWADI,Terekhol,West flowing rivers from Tapi to Tadri,-,Terekhol,15.96111111,74.0,9/25/2021 8:30,35.6
Amboli,Maharashtra,Sindudurg,SAWANTWADI,Terekhol,West flowing rivers from Tapi to Tadri,-,Terekhol,15.96111111,74.0,9/26/2021 8:30,11.4
Amboli,Maharashtra,Sindudurg,SAWANTWADI,Terekhol,West flowing rivers from Tapi to Tadri,-,Terekhol,15.96111111,74.0,9/27/2021 8:30,28.4
Amboli,Maharashtra,Sindudurg,SAWANTWADI,Terekhol,West flowing rivers from Tapi to Tadri,-,Terekhol,15.96111111,74.0,9/28/2021 8:30,25.4
Amboli,Maharashtra,Sindudurg,SAWANTWADI,Terekhol,West flowing rivers from Tapi to Tadri,-,Terekhol,15.96111111,74.0,9/29/2021 8:30,126.0
Amboli,Maharashtra,Sindudurg,SAWANTWADI,Terekhol,West flowing rivers from Tapi to Tadri,-,Terekhol,15.96111111,74.0,9/30/2021 8:30,58.4
Amboli,Maharashtra,Sindudurg,SAWANTWADI,Terekhol,West flowing rivers from Tapi to Tadri,-,Terekhol,15.96111111,74.0,10-01-2021 08:30,15.0
Amboli,Maharashtra,Sindudurg,SAWANTWADI,Terekhol,West flowing rivers from Tapi to Tadri,-,Terekhol,15.96111111,74.0,06-08-2022 08:30,32.0
Amboli,Maharashtra,Sindudurg,SAWANTWADI,Terekhol,West flowing rivers from Tapi to Tadri,-,Terekhol,15.96111111,74.0,06-09-2022 08:30,16.6
Amboli,Maharashtra,Sindudurg,SAWANTWADI,Terekhol,West flowing rivers from Tapi to Tadri,-,Terekhol,15.96111111,74.0,06-10-2022 08:30,6.4
Amboli,Maharashtra,Sindudurg,SAWANTWADI,Terekhol,West flowing rivers from Tapi to Tadri,-,Terekhol,15.96111111,74.0,06-11-2022 08:30,56.6
Amboli,Maharashtra,Sindudurg,SAWANTWADI,Terekhol,West flowing rivers from Tapi to Tadri,-,Terekhol,15.96111111,74.0,06-12-2022 08:30,38.6
Amboli,Maharashtra,Sindudurg,SAWANTWADI,Terekhol,West flowing rivers from Tapi to Tadri,-,Terekhol,15.96111111,74.0,6/13/2022 8:30,2.4
Amboli,Maharashtra,Sindudurg,SAWANTWADI,Terekhol,West flowing rivers from Tapi to Tadri,-,Terekhol,15.96111111,74.0,6/14/2022 8:30,40.6
Amboli,Maharashtra,Sindudurg,SAWANTWADI,Terekhol,West flowing rivers from Tapi to Tadri,-,Terekhol,15.96111111,74.0,6/15/2022 8:30,14.6
Amboli,Maharashtra,Sindudurg,SAWANTWADI,Terekhol,West flowing rivers from Tapi to Tadri,-,Terekhol,15.96111111,74.0,6/16/2022 8:30,9.6
Amboli,Maharashtra,Sindudurg,SAWANTWADI,Terekhol,West flowing rivers from Tapi to Tadri,-,Terekhol,15.96111111,74.0,6/17/2022 8:30,3.6
Amboli,Maharashtra,Sindudurg,SAWANTWADI,Terekhol,West flowing rivers from Tapi to Tadri,-,Terekhol,15.96111111,74.0,6/18/2022 8:30,26.6
Amboli,Maharashtra,Sindudurg,SAWANTWADI,Terekhol,West flowing rivers from Tapi to Tadri,-,Terekhol,15.96111111,74.0,6/19/2022 8:30,70.4
Amboli,Maharashtra,Sindudurg,SAWANTWADI,Terekhol,West flowing rivers from Tapi to Tadri,-,Terekhol,15.96111111,74.0,6/20/2022 8:30,40.6
Amboli,Maharashtra,Sindudurg,SAWANTWADI,Terekhol,West flowing rivers from Tapi to Tadri,-,Terekhol,15.96111111,74.0,6/21/2022 8:30,64.6
Amboli,Maharashtra,Sindudurg,SAWANTWADI,Terekhol,West flowing rivers from Tapi to Tadri,-,Terekhol,15.96111111,74.0,6/22/2022 8:30,40.8
Amboli,Maharashtra,Sindudurg,SAWANTWADI,Terekhol,West flowing rivers from Tapi to Tadri,-,Terekhol,15.96111111,74.0,6/23/2022 8:30,43.2
Amboli,Maharashtra,Sindudurg,SAWANTWADI,Terekhol,West flowing rivers from Tapi to Tadri,-,Terekhol,15.96111111,74.0,6/24/2022 8:30,32.6
Amboli,Maharashtra,Sindudurg,SAWANTWADI,Terekhol,West flowing rivers from Tapi to Tadri,-,Terekhol,15.96111111,74.0,6/25/2022 8:30,38.6
Amboli,Maharashtra,Sindudurg,SAWANTWADI,Terekhol,West flowing rivers from Tapi to Tadri,-,Terekhol,15.96111111,74.0,6/26/2022 8:30,78.4
Amboli,Maharashtra,Sindudurg,SAWANTWADI,Terekhol,West flowing rivers from Tapi to Tadri,-,Terekhol,15.96111111,74.0,6/27/2022 8:30,118.4
Amboli,Maharashtra,Sindudurg,SAWANTWADI,Terekhol,West flowing rivers from Tapi to Tadri,-,Terekhol,15.96111111,74.0,6/28/2022 8:30,105.8
Amboli,Maharashtra,Sindudurg,SAWANTWADI,Terekhol,West flowing rivers from Tapi to Tadri,-,Terekhol,15.96111111,74.0,6/29/2022 8:30,22.2
Amboli,Maharashtra,Sindudurg,SAWANTWADI,Terekhol,West flowing rivers from Tapi to Tadri,-,Terekhol,15.96111111,74.0,6/30/2022 8:30,65.4
Amboli,Maharashtra,Sindudurg,SAWANTWADI,Terekhol,West flowing rivers from Tapi to Tadri,-,Terekhol,15.96111111,74.0,07-01-2022 08:30,42.4
Amboli,Maharashtra,Sindudurg,SAWANTWADI,Terekhol,West flowing rivers from Tapi to Tadri,-,Terekhol,15.96111111,74.0,07-02-2022 08:30,83.8
Amboli,Maharashtra,Sindudurg,SAWANTWADI,Terekhol,West flowing rivers from Tapi to Tadri,-,Terekhol,15.96111111,74.0,07-03-2022 08:30,60.4
Amboli,Maharashtra,Sindudurg,SAWANTWADI,Terekhol,West flowing rivers from Tapi to Tadri,-,Terekhol,15.96111111,74.0,07-04-2022 08:30,45.0
Amboli,Maharashtra,Sindudurg,SAWANTWADI,Terekhol,West flowing rivers from Tapi to Tadri,-,Terekhol,15.96111111,74.0,07-05-2022 08:30,178.4
Amboli,Maharashtra,Sindudurg,SAWANTWADI,Terekhol,West flowing rivers from Tapi to Tadri,-,Terekhol,15.96111111,74.0,07-06-2022 08:30,218.4
Amboli,Maharashtra,Sindudurg,SAWANTWADI,Terekhol,West flowing rivers from Tapi to Tadri,-,Terekhol,15.96111111,74.0,07-07-2022 08:30,88.6
Amboli,Maharashtra,Sindudurg,SAWANTWADI,Terekhol,West flowing rivers from Tapi to Tadri,-,Terekhol,15.96111111,74.0,07-08-2022 08:30,223.0
Amboli,Maharashtra,Sindudurg,SAWANTWADI,Terekhol,West flowing rivers from Tapi to Tadri,-,Terekhol,15.96111111,74.0,07-09-2022 08:30,193.4
Amboli,Maharashtra,Sindudurg,SAWANTWADI,Terekhol,West flowing rivers from Tapi to Tadri,-,Terekhol,15.96111111,74.0,07-10-2022 08:30,168.4
Amboli,Maharashtra,Sindudurg,SAWANTWADI,Terekhol,West flowing rivers from Tapi to Tadri,-,Terekhol,15.96111111,74.0,07-11-2022 08:30,165.8
Amboli,Maharashtra,Sindudurg,SAWANTWADI,Terekhol,West flowing rivers from Tapi to Tadri,-,Terekhol,15.96111111,74.0,07-12-2022 08:30,108.6
Amboli,Maharashtra,Sindudurg,SAWANTWADI,Terekhol,West flowing rivers from Tapi to Tadri,-,Terekhol,15.96111111,74.0,7/13/2022 8:30,98.4
Amboli,Maharashtra,Sindudurg,SAWANTWADI,Terekhol,West flowing rivers from Tapi to Tadri,-,Terekhol,15.96111111,74.0,7/14/2022 8:30,118.6
Amboli,Maharashtra,Sindudurg,SAWANTWADI,Terekhol,West flowing rivers from Tapi to Tadri,-,Terekhol,15.96111111,74.0,7/15/2022 8:30,120.8
Amboli,Maharashtra,Sindudurg,SAWANTWADI,Terekhol,West flowing rivers from Tapi to Tadri,-,Terekhol,15.96111111,74.0,7/16/2022 8:30,125.6
Amboli,Maharashtra,Sindudurg,SAWANTWADI,Terekhol,West flowing rivers from Tapi to Tadri,-,Terekhol,15.96111111,74.0,7/17/2022 8:30,198.8
Amboli,Maharashtra,Sindudurg,SAWANTWADI,Terekhol,West flowing rivers from Tapi to Tadri,-,Terekhol,15.96111111,74.0,7/18/2022 8:30,63.4
Amboli,Maharashtra,Sindudurg,SAWANTWADI,Terekhol,West flowing rivers from Tapi to Tadri,-,Terekhol,15.96111111,74.0,7/19/2022 8:30,33.6
Amboli,Maharashtra,Sindudurg,SAWANTWADI,Terekhol,West flowing rivers from Tapi to Tadri,-,Terekhol,15.96111111,74.0,7/20/2022 8:30,45.4
Amboli,Maharashtra,Sindudurg,SAWANTWADI,Terekhol,West flowing rivers from Tapi to Tadri,-,Terekhol,15.96111111,74.0,7/21/2022 8:30,22.4
Amboli,Maharashtra,Sindudurg,SAWANTWADI,Terekhol,West flowing rivers from Tapi to Tadri,-,Terekhol,15.96111111,74.0,7/22/2022 8:30,27.6
Amboli,Maharashtra,Sindudurg,SAWANTWADI,Terekhol,West flowing rivers from Tapi to Tadri,-,Terekhol,15.96111111,74.0,7/23/2022 8:30,43.2
Amboli,Maharashtra,Sindudurg,SAWANTWADI,Terekhol,West flowing rivers from Tapi to Tadri,-,Terekhol,15.96111111,74.0,7/24/2022 8:30,45.6
Amboli,Maharashtra,Sindudurg,SAWANTWADI,Terekhol,West flowing rivers from Tapi to Tadri,-,Terekhol,15.96111111,74.0,7/25/2022 8:30,32.4
Amboli,Maharashtra,Sindudurg,SAWANTWADI,Terekhol,West flowing rivers from Tapi to Tadri,-,Terekhol,15.96111111,74.0,7/26/2022 8:30,67.4
Amboli,Maharashtra,Sindudurg,SAWANTWADI,Terekhol,West flowing rivers from Tapi to Tadri,-,Terekhol,15.96111111,74.0,7/27/2022 8:30,32.2
Amboli,Maharashtra,Sindudurg,SAWANTWADI,Terekhol,West flowing rivers from Tapi to Tadri,-,Terekhol,15.96111111,74.0,7/28/2022 8:30,18.2
Amboli,Maharashtra,Sindudurg,SAWANTWADI,Terekhol,West flowing rivers from Tapi to Tadri,-,Terekhol,15.96111111,74.0,7/30/2022 8:30,45.0
Amboli,Maharashtra,Sindudurg,SAWANTWADI,Terekhol,West flowing rivers from Tapi to Tadri,-,Terekhol,15.96111111,74.0,7/31/2022 8:30,22.0
Amboli,Maharashtra,Sindudurg,SAWANTWADI,Terekhol,West flowing rivers from Tapi to Tadri,-,Terekhol,15.96111111,74.0,08-01-2022 08:30,66.0
Amboli,Maharashtra,Sindudurg,SAWANTWADI,Terekhol,West flowing rivers from Tapi to Tadri,-,Terekhol,15.96111111,74.0,08-02-2022 08:30,22.0
Amboli,Maharashtra,Sindudurg,SAWANTWADI,Terekhol,West flowing rivers from Tapi to Tadri,-,Terekhol,15.96111111,74.0,08-03-2022 08:30,45.6
Amboli,Maharashtra,Sindudurg,SAWANTWADI,Terekhol,West flowing rivers from Tapi to Tadri,-,Terekhol,15.96111111,74.0,08-04-2022 08:30,75.2
Amboli,Maharashtra,Sindudurg,SAWANTWADI,Terekhol,West flowing rivers from Tapi to Tadri,-,Terekhol,15.96111111,74.0,08-05-2022 08:30,230.4
Amboli,Maharashtra,Sindudurg,SAWANTWADI,Terekhol,West flowing rivers from Tapi to Tadri,-,Terekhol,15.96111111,74.0,08-06-2022 08:30,253.0
Amboli,Maharashtra,Sindudurg,SAWANTWADI,Terekhol,West flowing rivers from Tapi to Tadri,-,Terekhol,15.96111111,74.0,08-07-2022 08:30,165.6
Amboli,Maharashtra,Sindudurg,SAWANTWADI,Terekhol,West flowing rivers from Tapi to Tadri,-,Terekhol,15.96111111,74.0,08-08-2022 08:30,221.2
Amboli,Maharashtra,Sindudurg,SAWANTWADI,Terekhol,West flowing rivers from Tapi to Tadri,-,Terekhol,15.96111111,74.0,08-09-2022 08:30,174.4
Amboli,Maharashtra,Sindudurg,SAWANTWADI,Terekhol,West flowing rivers from Tapi to Tadri,-,Terekhol,15.96111111,74.0,08-10-2022 08:30,138.4
Amboli,Maharashtra,Sindudurg,SAWANTWADI,Terekhol,West flowing rivers from Tapi to Tadri,-,Terekhol,15.96111111,74.0,08-11-2022 08:30,147.4
Amboli,Maharashtra,Sindudurg,SAWANTWADI,Terekhol,West flowing rivers from Tapi to Tadri,-,Terekhol,15.96111111,74.0,08-12-2022 08:30,129.4
Amboli,Maharashtra,Sindudurg,SAWANTWADI,Terekhol,West flowing rivers from Tapi to Tadri,-,Terekhol,15.96111111,74.0,8/13/2022 8:30,92.4
Amboli,Maharashtra,Sindudurg,SAWANTWADI,Terekhol,West flowing rivers from Tapi to Tadri,-,Terekhol,15.96111111,74.0,8/14/2022 8:30,66.2
Amboli,Maharashtra,Sindudurg,SAWANTWADI,Terekhol,West flowing rivers from Tapi to Tadri,-,Terekhol,15.96111111,74.0,8/15/2022 8:30,48.0
Amboli,Maharashtra,Sindudurg,SAWANTWADI,Terekhol,West flowing rivers from Tapi to Tadri,-,Terekhol,15.96111111,74.0,8/16/2022 8:30,49.0
Amboli,Maharashtra,Sindudurg,SAWANTWADI,Terekhol,West flowing rivers from Tapi to Tadri,-,Terekhol,15.96111111,74.0,8/17/2022 8:30,84.0
Amboli,Maharashtra,Sindudurg,SAWANTWADI,Terekhol,West flowing rivers from Tapi to Tadri,-,Terekhol,15.96111111,74.0,8/18/2022 8:30,75.2
Amboli,Maharashtra,Sindudurg,SAWANTWADI,Terekhol,West flowing rivers from Tapi to Tadri,-,Terekhol,15.96111111,74.0,8/19/2022 8:30,82.2
Amboli,Maharashtra,Sindudurg,SAWANTWADI,Terekhol,West flowing rivers from Tapi to Tadri,-,Terekhol,15.96111111,74.0,8/20/2022 8:30,48.0
Amboli,Maharashtra,Sindudurg,SAWANTWADI,Terekhol,West flowing rivers from Tapi to Tadri,-,Terekhol,15.96111111,74.0,8/21/2022 8:30,75.2
Amboli,Maharashtra,Sindudurg,SAWANTWADI,Terekhol,West flowing rivers from Tapi to Tadri,-,Terekhol,15.96111111,74.0,8/22/2022 8:30,35.6
Amboli,Maharashtra,Sindudurg,SAWANTWADI,Terekhol,West flowing rivers from Tapi to Tadri,-,Terekhol,15.96111111,74.0,8/23/2022 8:30,43.4
Amboli,Maharashtra,Sindudurg,SAWANTWADI,Terekhol,West flowing rivers from Tapi to Tadri,-,Terekhol,15.96111111,74.0,8/24/2022 8:30,49.0
Amboli,Maharashtra,Sindudurg,SAWANTWADI,Terekhol,West flowing rivers from Tapi to Tadri,-,Terekhol,15.96111111,74.0,8/25/2022 8:30,42.0
Amboli,Maharashtra,Sindudurg,SAWANTWADI,Terekhol,West flowing rivers from Tapi to Tadri,-,Terekhol,15.96111111,74.0,8/26/2022 8:30,10.0
Amboli,Maharashtra,Sindudurg,SAWANTWADI,Terekhol,West flowing rivers from Tapi to Tadri,-,Terekhol,15.96111111,74.0,8/28/2022 8:30,45.0
Amboli,Maharashtra,Sindudurg,SAWANTWADI,Terekhol,West flowing rivers from Tapi to Tadri,-,Terekhol,15.96111111,74.0,8/30/2022 8:30,18.0
Amboli,Maharashtra,Sindudurg,SAWANTWADI,Terekhol,West flowing rivers from Tapi to Tadri,-,Terekhol,15.96111111,74.0,8/31/2022 8:30,28.0
Amboli,Maharashtra,Sindudurg,SAWANTWADI,Terekhol,West flowing rivers from Tapi to Tadri,-,Terekhol,15.96111111,74.0,09-01-2022 08:30,26.0
Amboli,Maharashtra,Sindudurg,SAWANTWADI,Terekhol,West flowing rivers from Tapi to Tadri,-,Terekhol,15.96111111,74.0,09-02-2022 08:30,18.0
Amboli,Maharashtra,Sindudurg,SAWANTWADI,Terekhol,West flowing rivers from Tapi to Tadri,-,Terekhol,15.96111111,74.0,09-03-2022 08:30,15.0
Amboli,Maharashtra,Sindudurg,SAWANTWADI,Terekhol,West flowing rivers from Tapi to Tadri,-,Terekhol,15.96111111,74.0,09-06-2022 08:30,2.0
Amboli,Maharashtra,Sindudurg,SAWANTWADI,Terekhol,West flowing rivers from Tapi to Tadri,-,Terekhol,15.96111111,74.0,09-07-2022 08:30,41.0
Amboli,Maharashtra,Sindudurg,SAWANTWADI,Terekhol,West flowing rivers from Tapi to Tadri,-,Terekhol,15.96111111,74.0,09-08-2022 08:30,28.0
Amboli,Maharashtra,Sindudurg,SAWANTWADI,Terekhol,West flowing rivers from Tapi to Tadri,-,Terekhol,15.96111111,74.0,09-09-2022 08:30,40.0
Amboli,Maharashtra,Sindudurg,SAWANTWADI,Terekhol,West flowing rivers from Tapi to Tadri,-,Terekhol,15.96111111,74.0,09-10-2022 08:30,30.0
Amboli,Maharashtra,Sindudurg,SAWANTWADI,Terekhol,West flowing rivers from Tapi to Tadri,-,Terekhol,15.96111111,74.0,09-11-2022 08:30,263.0
Amboli,Maharashtra,Sindudurg,SAWANTWADI,Terekhol,West flowing rivers from Tapi to Tadri,-,Terekhol,15.96111111,74.0,09-12-2022 08:30,218.6
Amboli,Maharashtra,Sindudurg,SAWANTWADI,Terekhol,West flowing rivers from Tapi to Tadri,-,Terekhol,15.96111111,74.0,9/13/2022 8:30,264.8
Amboli,Maharashtra,Sindudurg,SAWANTWADI,Terekhol,West flowing rivers from Tapi to Tadri,-,Terekhol,15.96111111,74.0,9/14/2022 8:30,68.6
Amboli,Maharashtra,Sindudurg,SAWANTWADI,Terekhol,West flowing rivers from Tapi to Tadri,-,Terekhol,15.96111111,74.0,9/15/2022 8:30,132.8
Amboli,Maharashtra,Sindudurg,SAWANTWADI,Terekhol,West flowing rivers from Tapi to Tadri,-,Terekhol,15.96111111,74.0,9/16/2022 8:30,128.4
Amboli,Maharashtra,Sindudurg,SAWANTWADI,Terekhol,West flowing rivers from Tapi to Tadri,-,Terekhol,15.96111111,74.0,9/17/2022 8:30,88.6
Amboli,Maharashtra,Sindudurg,SAWANTWADI,Terekhol,West flowing rivers from Tapi to Tadri,-,Terekhol,15.96111111,74.0,9/18/2022 8:30,38.6
Amboli,Maharashtra,Sindudurg,SAWANTWADI,Terekhol,West flowing rivers from Tapi to Tadri,-,Terekhol,15.96111111,74.0,9/20/2022 8:30,3.0
Amboli,Maharashtra,Sindudurg,SAWANTWADI,Terekhol,West flowing rivers from Tapi to Tadri,-,Terekhol,15.96111111,74.0,9/23/2022 8:30,3.0
Amboli,Maharashtra,Sindudurg,SAWANTWADI,Terekhol,West flowing rivers from Tapi to Tadri,-,Terekhol,15.96111111,74.0,9/25/2022 8:30,23.6
Amboli,Maharashtra,Sindudurg,SAWANTWADI,Terekhol,West flowing rivers from Tapi to Tadri,-,Terekhol,15.96111111,74.0,9/26/2022 8:30,8.0
Amboli,Maharashtra,Sindudurg,SAWANTWADI,Terekhol,West flowing rivers from Tapi to Tadri,-,Terekhol,15.96111111,74.0,9/30/2022 8:30,38.0
Amboli,Maharashtra,Sindudurg,SAWANTWADI,Terekhol,West flowing rivers from Tapi to Tadri,-,Terekhol,15.96111111,74.0,10-01-2022 08:30,199.6
Amboli,Maharashtra,Sindudurg,SAWANTWADI,Terekhol,West flowing rivers from Tapi to Tadri,-,Terekhol,15.96111111,74.0,10-02-2022 08:30,88.0
Amboli,Maharashtra,Sindudurg,SAWANTWADI,Terekhol,West flowing rivers from Tapi to Tadri,-,Terekhol,15.96111111,74.0,10-06-2022 08:30,18.2
Amboli,Maharashtra,Sindudurg,SAWANTWADI,Terekhol,West flowing rivers from Tapi to Tadri,-,Terekhol,15.96111111,74.0,10-07-2022 08:30,48.4
Amboli,Maharashtra,Sindudurg,SAWANTWADI,Terekhol,West flowing rivers from Tapi to Tadri,-,Terekhol,15.96111111,74.0,10-08-2022 08:30,5.2
Amboli,Maharashtra,Sindudurg,SAWANTWADI,Terekhol,West flowing rivers from Tapi to Tadri,-,Terekhol,15.96111111,74.0,10-11-2022 08:30,66.6
Amboli,Maharashtra,Sindudurg,SAWANTWADI,Terekhol,West flowing rivers from Tapi to Tadri,-,Terekhol,15.96111111,74.0,10-12-2022 08:30,18.6
Amboli,Maharashtra,Sindudurg,SAWANTWADI,Terekhol,West flowing rivers from Tapi to Tadri,-,Terekhol,15.96111111,74.0,10/13/2022 8:30,8.0
Amboli,Maharashtra,Sindudurg,SAWANTWADI,Terekhol,West flowing rivers from Tapi to Tadri,-,Terekhol,15.96111111,74.0,10/14/2022 8:30,49.4
Amboli,Maharashtra,Sindudurg,SAWANTWADI,Terekhol,West flowing rivers from Tapi to Tadri,-,Terekhol,15.96111111,74.0,10/15/2022 8:30,47.0
Amboli,Maharashtra,Sindudurg,SAWANTWADI,Terekhol,West flowing rivers from Tapi to Tadri,-,Terekhol,15.96111111,74.0,10/16/2022 8:30,20.0
Amboli,Maharashtra,Sindudurg,SAWANTWADI,Terekhol,West flowing rivers from Tapi to Tadri,-,Terekhol,15.96111111,74.0,10/17/2022 8:30,51.0
Amboli,Maharashtra,Sindudurg,SAWANTWADI,Terekhol,West flowing rivers from Tapi to Tadri,-,Terekhol,15.96111111,74.0,10/18/2022 8:30,18.0
Amboli,Maharashtra,Sindudurg,SAWANTWADI,Terekhol,West flowing rivers from Tapi to Tadri,-,Terekhol,15.96111111,74.0,10/19/2022 8:30,1.0
Amboli,Maharashtra,Sindudurg,SAWANTWADI,Terekhol,West flowing rivers from Tapi to Tadri,-,Terekhol,15.96111111,74.0,10/20/2022 8:30,28.0
Amboli,Maharashtra,Sindudurg,SAWANTWADI,Terekhol,West flowing rivers from Tapi to Tadri,-,Terekhol,15.96111111,74.0,06-11-2023 08:30,20.8
Amboli,Maharashtra,Sindudurg,SAWANTWADI,Terekhol,West flowing rivers from Tapi to Tadri,-,Terekhol,15.96111111,74.0,06-12-2023 08:30,13.2
Amboli,Maharashtra,Sindudurg,SAWANTWADI,Terekhol,West flowing rivers from Tapi to Tadri,-,Terekhol,15.96111111,74.0,6/13/2023 8:30,2.0
Amboli,Maharashtra,Sindudurg,SAWANTWADI,Terekhol,West flowing rivers from Tapi to Tadri,-,Terekhol,15.96111111,74.0,6/14/2023 8:30,25.9
Amboli,Maharashtra,Sindudurg,SAWANTWADI,Terekhol,West flowing rivers from Tapi to Tadri,-,Terekhol,15.96111111,74.0,6/16/2023 8:30,5.2
Amboli,Maharashtra,Sindudurg,SAWANTWADI,Terekhol,West flowing rivers from Tapi to Tadri,-,Terekhol,15.96111111,74.0,6/17/2023 8:30,24.6
Amboli,Maharashtra,Sindudurg,SAWANTWADI,Terekhol,West flowing rivers from Tapi to Tadri,-,Terekhol,15.96111111,74.0,6/18/2023 8:30,17.2
Amboli,Maharashtra,Sindudurg,SAWANTWADI,Terekhol,West flowing rivers from Tapi to Tadri,-,Terekhol,15.96111111,74.0,6/19/2023 8:30,19.4
Amboli,Maharashtra,Sindudurg,SAWANTWADI,Terekhol,West flowing rivers from Tapi to Tadri,-,Terekhol,15.96111111,74.0,6/23/2023 8:30,11.0
Amboli,Maharashtra,Sindudurg,SAWANTWADI,Terekhol,West flowing rivers from Tapi to Tadri,-,Terekhol,15.96111111,74.0,6/24/2023 8:30,99.6
Amboli,Maharashtra,Sindudurg,SAWANTWADI,Terekhol,West flowing rivers from Tapi to Tadri,-,Terekhol,15.96111111,74.0,6/25/2023 8:30,151.4
Amboli,Maharashtra,Sindudurg,SAWANTWADI,Terekhol,West flowing rivers from Tapi to Tadri,-,Terekhol,15.96111111,74.0,6/26/2023 8:30,102.0
Amboli,Maharashtra,Sindudurg,SAWANTWADI,Terekhol,West flowing rivers from Tapi to Tadri,-,Terekhol,15.96111111,74.0,6/27/2023 8:30,63.4
Amboli,Maharashtra,Sindudurg,SAWANTWADI,Terekhol,West flowing rivers from Tapi to Tadri,-,Terekhol,15.96111111,74.0,6/28/2023 8:30,52.6
Amboli,Maharashtra,Sindudurg,SAWANTWADI,Terekhol,West flowing rivers from Tapi to Tadri,-,Terekhol,15.96111111,74.0,6/29/2023 8:30,68.8
Amboli,Maharashtra,Sindudurg,SAWANTWADI,Terekhol,West flowing rivers from Tapi to Tadri,-,Terekhol,15.96111111,74.0,6/30/2023 8:30,59.0
Amboli,Maharashtra,Sindudurg,SAWANTWADI,Terekhol,West flowing rivers from Tapi to Tadri,-,Terekhol,15.96111111,74.0,07-01-2023 08:30,60.6
Amboli,Maharashtra,Sindudurg,SAWANTWADI,Terekhol,West flowing rivers from Tapi to Tadri,-,Terekhol,15.96111111,74.0,07-02-2023 08:30,100.4
Amboli,Maharashtra,Sindudurg,SAWANTWADI,Terekhol,West flowing rivers from Tapi to Tadri,-,Terekhol,15.96111111,74.0,07-03-2023 08:30,99.2
Amboli,Maharashtra,Sindudurg,SAWANTWADI,Terekhol,West flowing rivers from Tapi to Tadri,-,Terekhol,15.96111111,74.0,07-04-2023 08:30,35.6
Amboli,Maharashtra,Sindudurg,SAWANTWADI,Terekhol,West flowing rivers from Tapi to Tadri,-,Terekhol,15.96111111,74.0,07-05-2023 08:30,64.8
Amboli,Maharashtra,Sindudurg,SAWANTWADI,Terekhol,West flowing rivers from Tapi to Tadri,-,Terekhol,15.96111111,74.0,07-06-2023 08:30,182.6
Amboli,Maharashtra,Sindudurg,SAWANTWADI,Terekhol,West flowing rivers from Tapi to Tadri,-,Terekhol,15.96111111,74.0,07-07-2023 08:30,133.6
Amboli,Maharashtra,Sindudurg,SAWANTWADI,Terekhol,West flowing rivers from Tapi to Tadri,-,Terekhol,15.96111111,74.0,07-08-2023 08:30,134.8
Amboli,Maharashtra,Sindudurg,SAWANTWADI,Terekhol,West flowing rivers from Tapi to Tadri,-,Terekhol,15.96111111,74.0,07-09-2023 08:30,74.6
Amboli,Maharashtra,Sindudurg,SAWANTWADI,Terekhol,West flowing rivers from Tapi to Tadri,-,Terekhol,15.96111111,74.0,07-10-2023 08:30,39.8
Amboli,Maharashtra,Sindudurg,SAWANTWADI,Terekhol,West flowing rivers from Tapi to Tadri,-,Terekhol,15.96111111,74.0,07-11-2023 08:30,16.6
Amboli,Maharashtra,Sindudurg,SAWANTWADI,Terekhol,West flowing rivers from Tapi to Tadri,-,Terekhol,15.96111111,74.0,07-12-2023 08:30,20.6
Amboli,Maharashtra,Sindudurg,SAWANTWADI,Terekhol,West flowing rivers from Tapi to Tadri,-,Terekhol,15.96111111,74.0,7/13/2023 8:30,87.8
Amboli,Maharashtra,Sindudurg,SAWANTWADI,Terekhol,West flowing rivers from Tapi to Tadri,-,Terekhol,15.96111111,74.0,7/14/2023 8:30,103.0
Amboli,Maharashtra,Sindudurg,SAWANTWADI,Terekhol,West flowing rivers from Tapi to Tadri,-,Terekhol,15.96111111,74.0,7/15/2023 8:30,126.6
Amboli,Maharashtra,Sindudurg,SAWANTWADI,Terekhol,West flowing rivers from Tapi to Tadri,-,Terekhol,15.96111111,74.0,7/16/2023 8:30,98.6
Amboli,Maharashtra,Sindudurg,SAWANTWADI,Terekhol,West flowing rivers from Tapi to Tadri,-,Terekhol,15.96111111,74.0,7/17/2023 8:30,133.6
Amboli,Maharashtra,Sindudurg,SAWANTWADI,Terekhol,West flowing rivers from Tapi to Tadri,-,Terekhol,15.96111111,74.0,7/18/2023 8:30,184.6
Amboli,Maharashtra,Sindudurg,SAWANTWADI,Terekhol,West flowing rivers from Tapi to Tadri,-,Terekhol,15.96111111,74.0,7/19/2023 8:30,304.6
Amboli,Maharashtra,Sindudurg,SAWANTWADI,Terekhol,West flowing rivers from Tapi to Tadri,-,Terekhol,15.96111111,74.0,7/20/2023 8:30,159.4
Amboli,Maharashtra,Sindudurg,SAWANTWADI,Terekhol,West flowing rivers from Tapi to Tadri,-,Terekhol,15.96111111,74.0,7/21/2023 8:30,337.6
Amboli,Maharashtra,Sindudurg,SAWANTWADI,Terekhol,West flowing rivers from Tapi to Tadri,-,Terekhol,15.96111111,74.0,7/22/2023 8:30,237.8
Amboli,Maharashtra,Sindudurg,SAWANTWADI,Terekhol,West flowing rivers from Tapi to Tadri,-,Terekhol,15.96111111,74.0,7/23/2023 8:30,184.4
Amboli,Maharashtra,Sindudurg,SAWANTWADI,Terekhol,West flowing rivers from Tapi to Tadri,-,Terekhol,15.96111111,74.0,7/24/2023 8:30,312.4
Amboli,Maharashtra,Sindudurg,SAWANTWADI,Terekhol,West flowing rivers from Tapi to Tadri,-,Terekhol,15.96111111,74.0,7/25/2023 8:30,202.6
Amboli,Maharashtra,Sindudurg,SAWANTWADI,Terekhol,West flowing rivers from Tapi to Tadri,-,Terekhol,15.96111111,74.0,7/26/2023 8:30,206.6
Amboli,Maharashtra,Sindudurg,SAWANTWADI,Terekhol,West flowing rivers from Tapi to Tadri,-,Terekhol,15.96111111,74.0,7/27/2023 8:30,178.4
Amboli,Maharashtra,Sindudurg,SAWANTWADI,Terekhol,West flowing rivers from Tapi to Tadri,-,Terekhol,15.96111111,74.0,7/28/2023 8:30,121.8
Amboli,Maharashtra,Sindudurg,SAWANTWADI,Terekhol,West flowing rivers from Tapi to Tadri,-,Terekhol,15.96111111,74.0,7/29/2023 8:30,71.4
Amboli,Maharashtra,Sindudurg,SAWANTWADI,Terekhol,West flowing rivers from Tapi to Tadri,-,Terekhol,15.96111111,74.0,7/30/2023 8:30,56.8
Amboli,Maharashtra,Sindudurg,SAWANTWADI,Terekhol,West flowing rivers from Tapi to Tadri,-,Terekhol,15.96111111,74.0,7/31/2023 8:30,71.6
Amboli,Maharashtra,Sindudurg,SAWANTWADI,Terekhol,West flowing rivers from Tapi to Tadri,-,Terekhol,15.96111111,74.0,08-01-2023 08:30,109.6
Amboli,Maharashtra,Sindudurg,SAWANTWADI,Terekhol,West flowing rivers from Tapi to Tadri,-,Terekhol,15.96111111,74.0,08-02-2023 08:30,117.8
Amboli,Maharashtra,Sindudurg,SAWANTWADI,Terekhol,West flowing rivers from Tapi to Tadri,-,Terekhol,15.96111111,74.0,08-03-2023 08:30,128.6
Amboli,Maharashtra,Sindudurg,SAWANTWADI,Terekhol,West flowing rivers from Tapi to Tadri,-,Terekhol,15.96111111,74.0,08-04-2023 08:30,50.4
Amboli,Maharashtra,Sindudurg,SAWANTWADI,Terekhol,West flowing rivers from Tapi to Tadri,-,Terekhol,15.96111111,74.0,08-05-2023 08:30,43.0
Amboli,Maharashtra,Sindudurg,SAWANTWADI,Terekhol,West flowing rivers from Tapi to Tadri,-,Terekhol,15.96111111,74.0,08-06-2023 08:30,112.4
Amboli,Maharashtra,Sindudurg,SAWANTWADI,Terekhol,West flowing rivers from Tapi to Tadri,-,Terekhol,15.96111111,74.0,08-07-2023 08:30,32.6
Amboli,Maharashtra,Sindudurg,SAWANTWADI,Terekhol,West flowing rivers from Tapi to Tadri,-,Terekhol,15.96111111,74.0,08-08-2023 08:30,33.6
Amboli,Maharashtra,Sindudurg,SAWANTWADI,Terekhol,West flowing rivers from Tapi to Tadri,-,Terekhol,15.96111111,74.0,08-09-2023 08:30,34.6
Amboli,Maharashtra,Sindudurg,SAWANTWADI,Terekhol,West flowing rivers from Tapi to Tadri,-,Terekhol,15.96111111,74.0,08-10-2023 08:30,15.6
Amboli,Maharashtra,Sindudurg,SAWANTWADI,Terekhol,West flowing rivers from Tapi to Tadri,-,Terekhol,15.96111111,74.0,08-11-2023 08:30,5.2
Amboli,Maharashtra,Sindudurg,SAWANTWADI,Terekhol,West flowing rivers from Tapi to Tadri,-,Terekhol,15.96111111,74.0,08-12-2023 08:30,7.4
Amboli,Maharashtra,Sindudurg,SAWANTWADI,Terekhol,West flowing rivers from Tapi to Tadri,-,Terekhol,15.96111111,74.0,8/13/2023 8:30,25.6
Amboli,Maharashtra,Sindudurg,SAWANTWADI,Terekhol,West flowing rivers from Tapi to Tadri,-,Terekhol,15.96111111,74.0,8/14/2023 8:30,41.8
Amboli,Maharashtra,Sindudurg,SAWANTWADI,Terekhol,West flowing rivers from Tapi to Tadri,-,Terekhol,15.96111111,74.0,8/15/2023 8:30,10.2
Amboli,Maharashtra,Sindudurg,SAWANTWADI,Terekhol,West flowing rivers from Tapi to Tadri,-,Terekhol,15.96111111,74.0,8/17/2023 8:30,43.4
Amboli,Maharashtra,Sindudurg,SAWANTWADI,Terekhol,West flowing rivers from Tapi to Tadri,-,Terekhol,15.96111111,74.0,8/18/2023 8:30,62.6
Amboli,Maharashtra,Sindudurg,SAWANTWADI,Terekhol,West flowing rivers from Tapi to Tadri,-,Terekhol,15.96111111,74.0,8/19/2023 8:30,38.6
Amboli,Maharashtra,Sindudurg,SAWANTWADI,Terekhol,West flowing rivers from Tapi to Tadri,-,Terekhol,15.96111111,74.0,8/20/2023 8:30,21.4
Amboli,Maharashtra,Sindudurg,SAWANTWADI,Terekhol,West flowing rivers from Tapi to Tadri,-,Terekhol,15.96111111,74.0,8/21/2023 8:30,13.2
Amboli,Maharashtra,Sindudurg,SAWANTWADI,Terekhol,West flowing rivers from Tapi to Tadri,-,Terekhol,15.96111111,74.0,8/24/2023 8:30,10.2
Amboli,Maharashtra,Sindudurg,SAWANTWADI,Terekhol,West flowing rivers from Tapi to Tadri,-,Terekhol,15.96111111,74.0,8/25/2023 8:30,40.8
Amboli,Maharashtra,Sindudurg,SAWANTWADI,Terekhol,West flowing rivers from Tapi to Tadri,-,Terekhol,15.96111111,74.0,8/26/2023 8:30,44.6
Amboli,Maharashtra,Sindudurg,SAWANTWADI,Terekhol,West flowing rivers from Tapi to Tadri,-,Terekhol,15.96111111,74.0,8/29/2023 8:30,27.6
Amboli,Maharashtra,Sindudurg,SAWANTWADI,Terekhol,West flowing rivers from Tapi to Tadri,-,Terekhol,15.96111111,74.0,8/30/2023 8:30,20.0
Amboli,Maharashtra,Sindudurg,SAWANTWADI,Terekhol,West flowing rivers from Tapi to Tadri,-,Terekhol,15.96111111,74.0,09-02-2023 08:30,9.2
Amboli,Maharashtra,Sindudurg,SAWANTWADI,Terekhol,West flowing rivers from Tapi to Tadri,-,Terekhol,15.96111111,74.0,09-04-2023 08:30,5.0
Amboli,Maharashtra,Sindudurg,SAWANTWADI,Terekhol,West flowing rivers from Tapi to Tadri,-,Terekhol,15.96111111,74.0,09-05-2023 08:30,5.0
Amboli,Maharashtra,Sindudurg,SAWANTWADI,Terekhol,West flowing rivers from Tapi to Tadri,-,Terekhol,15.96111111,74.0,09-06-2023 08:30,28.2
Amboli,Maharashtra,Sindudurg,SAWANTWADI,Terekhol,West flowing rivers from Tapi to Tadri,-,Terekhol,15.96111111,74.0,09-07-2023 08:30,5.0
Amboli,Maharashtra,Sindudurg,SAWANTWADI,Terekhol,West flowing rivers from Tapi to Tadri,-,Terekhol,15.96111111,74.0,09-08-2023 08:30,27.2
Amboli,Maharashtra,Sindudurg,SAWANTWADI,Terekhol,West flowing rivers from Tapi to Tadri,-,Terekhol,15.96111111,74.0,09-09-2023 08:30,56.6
Amboli,Maharashtra,Sindudurg,SAWANTWADI,Terekhol,West flowing rivers from Tapi to Tadri,-,Terekhol,15.96111111,74.0,09-10-2023 08:30,49.4
Amboli,Maharashtra,Sindudurg,SAWANTWADI,Terekhol,West flowing rivers from Tapi to Tadri,-,Terekhol,15.96111111,74.0,09-11-2023 08:30,27.6
Amboli,Maharashtra,Sindudurg,SAWANTWADI,Terekhol,West flowing rivers from Tapi to Tadri,-,Terekhol,15.96111111,74.0,09-12-2023 08:30,52.6
Amboli,Maharashtra,Sindudurg,SAWANTWADI,Terekhol,West flowing rivers from Tapi to Tadri,-,Terekhol,15.96111111,74.0,9/13/2023 8:30,21.4
Amboli,Maharashtra,Sindudurg,SAWANTWADI,Terekhol,West flowing rivers from Tapi to Tadri,-,Terekhol,15.96111111,74.0,9/14/2023 8:30,12.2
Amboli,Maharashtra,Sindudurg,SAWANTWADI,Terekhol,West flowing rivers from Tapi to Tadri,-,Terekhol,15.96111111,74.0,9/15/2023 8:30,4.0
Amboli,Maharashtra,Sindudurg,SAWANTWADI,Terekhol,West flowing rivers from Tapi to Tadri,-,Terekhol,15.96111111,74.0,9/16/2023 8:30,15.2
Amboli,Maharashtra,Sindudurg,SAWANTWADI,Terekhol,West flowing rivers from Tapi to Tadri,-,Terekhol,15.96111111,74.0,9/17/2023 8:30,25.6
Amboli,Maharashtra,Sindudurg,SAWANTWADI,Terekhol,West flowing rivers from Tapi to Tadri,-,Terekhol,15.96111111,74.0,9/18/2023 8:30,20.2
Amboli,Maharashtra,Sindudurg,SAWANTWADI,Terekhol,West flowing rivers from Tapi to Tadri,-,Terekhol,15.96111111,74.0,9/19/2023 8:30,102.6
Amboli,Maharashtra,Sindudurg,SAWANTWADI,Terekhol,West flowing rivers from Tapi to Tadri,-,Terekhol,15.96111111,74.0,9/20/2023 8:30,42.4
Amboli,Maharashtra,Sindudurg,SAWANTWADI,Terekhol,West flowing rivers from Tapi to Tadri,-,Terekhol,15.96111111,74.0,9/21/2023 8:30,66.6
Amboli,Maharashtra,Sindudurg,SAWANTWADI,Terekhol,West flowing rivers from Tapi to Tadri,-,Terekhol,15.96111111,74.0,9/22/2023 8:30,27.4
Amboli,Maharashtra,Sindudurg,SAWANTWADI,Terekhol,West flowing rivers from Tapi to Tadri,-,Terekhol,15.96111111,74.0,9/23/2023 8:30,15.4
Amboli,Maharashtra,Sindudurg,SAWANTWADI,Terekhol,West flowing rivers from Tapi to Tadri,-,Terekhol,15.96111111,74.0,9/24/2023 8:30,39.6
Amboli,Maharashtra,Sindudurg,SAWANTWADI,Terekhol,West flowing rivers from Tapi to Tadri,-,Terekhol,15.96111111,74.0,9/25/2023 8:30,10.2
Amboli,Maharashtra,Sindudurg,SAWANTWADI,Terekhol,West flowing rivers from Tapi to Tadri,-,Terekhol,15.96111111,74.0,9/26/2023 8:30,30.4
Amboli,Maharashtra,Sindudurg,SAWANTWADI,Terekhol,West flowing rivers from Tapi to Tadri,-,Terekhol,15.96111111,74.0,9/27/2023 8:30,200.8
Amboli,Maharashtra,Sindudurg,SAWANTWADI,Terekhol,West flowing rivers from Tapi to Tadri,-,Terekhol,15.96111111,74.0,9/28/2023 8:30,28.0
Amboli,Maharashtra,Sindudurg,SAWANTWADI,Terekhol,West flowing rivers from Tapi to Tadri,-,Terekhol,15.96111111,74.0,9/29/2023 8:30,7.0
Amboli,Maharashtra,Sindudurg,SAWANTWADI,Terekhol,West flowing rivers from Tapi to Tadri,-,Terekhol,15.96111111,74.0,9/30/2023 8:30,90.6
Amboli,Maharashtra,Sindudurg,SAWANTWADI,Terekhol,West flowing rivers from Tapi to Tadri,-,Terekhol,15.96111111,74.0,10-01-2023 08:30,185.6
Amboli,Maharashtra,Sindudurg,SAWANTWADI,Terekhol,West flowing rivers from Tapi to Tadri,-,Terekhol,15.96111111,74.0,10-02-2023 08:30,86.8
Amboli,Maharashtra,Sindudurg,SAWANTWADI,Terekhol,West flowing rivers from Tapi to Tadri,-,Terekhol,15.96111111,74.0,10-10-2023 08:30,2.0
Amboli,Maharashtra,Sindudurg,SAWANTWADI,Terekhol,West flowing rivers from Tapi to Tadri,-,Terekhol,15.96111111,74.0,10/17/2023 8:30,1.0
